-- Users 
INSERT INTO user (id, name, email, emailVerified, image, createdAt, updatedAt, role, plan, planExpiresAt, maxInvitations, maxGuests, referralCode, referredBy, referralBalance, phoneNumber, bankName, bankAccountNumber, bankAccountName, registrationIp) VALUES 
('b34beee5-72a2-479b-bf71-b434f0daae6e', 'Super Admin', 'support@zalan.web.id', 1, NULL, 'Sat Dec 27 2025 20:59:15 GMT+0700 (Western Indonesia Time)', 'Sun Dec 28 2025 12:24:46 GMT+0700 (Western Indonesia Time)', 'admin', 'vvip', NULL, 9999, 25, NULL, NULL, 0, NULL, NULL, NULL, NULL, NULL),
('b092b757-7fed-46cf-a01a-4e0b57d9c1d2', 'Rezal Helwin Bramantara', 'rezalhbramantara@gmail.com', 1, NULL, 'Sat Dec 27 2025 20:59:15 GMT+0700 (Western Indonesia Time)', 'Sun Dec 28 2025 12:24:48 GMT+0700 (Western Indonesia Time)', 'admin', 'vvip', NULL, 9999, 25, '8888EB', NULL, 0, NULL, NULL, NULL, NULL, NULL),
('j4voo4n0Iq6R17QFh8pN9dcnD3Sl6xai', 'Test Admin', 'testadmin@zalan.web.id', 0, NULL, 'Sun Dec 28 2025 10:33:33 GMT+0700 (Western Indonesia Time)', 'Sun Dec 28 2025 12:24:52 GMT+0700 (Western Indonesia Time)', 'admin', 'vvip', NULL, 9999, 25, NULL, NULL, 0, NULL, NULL, NULL, NULL, NULL),
('ec8ef5f8dfd848189ca4b64681d99cb5', 'User Tamu', 'tamu@zalan.web.id', 1, NULL, 'Sun Dec 28 2025 10:49:35 GMT+0700 (Western Indonesia Time)', 'Sun Dec 28 2025 10:49:35 GMT+0700 (Western Indonesia Time)', 'user', 'free', NULL, 1, 25, NULL, NULL, 0, NULL, NULL, NULL, NULL, NULL),
('HgWohipqGfLHKklnuiOlzN0VVqKKTjqO', 'anu', 'anu@anu.anu', 0, NULL, 'Sun Dec 28 2025 14:50:21 GMT+0700 (Western Indonesia Time)', 'Sun Dec 28 2025 18:10:00 GMT+0700 (Western Indonesia Time)', 'user', 'free', NULL, 1, 25, '576C28', NULL, 0, NULL, NULL, NULL, NULL, NULL),
('f4a5d4b8-7346-4f3a-be8c-da882f2ad5ed', 'Test User', 'test-f4a5d4b8-7346-4f3a-be8c-da882f2ad5ed@example.com', 1, NULL, 'Sun Dec 28 2025 22:56:01 GMT+0700 (Western Indonesia Time)', 'Sun Dec 28 2025 22:56:01 GMT+0700 (Western Indonesia Time)', 'user', 'free', NULL, 1, 25, NULL, NULL, 0, NULL, NULL, NULL, NULL, NULL),
('f0d87c17-cdcc-4fe5-9d82-4287a77c6ab7', 'Test User', 'test-f0d87c17-cdcc-4fe5-9d82-4287a77c6ab7@example.com', 1, NULL, 'Sun Dec 28 2025 22:57:08 GMT+0700 (Western Indonesia Time)', 'Sun Dec 28 2025 23:00:31 GMT+0700 (Western Indonesia Time)', 'user', 'vip', NULL, 20, 25, NULL, NULL, 0, NULL, NULL, NULL, NULL, NULL),
('qPS1PZs0TGd39sZjDDsFoBpATMnzTjYG', 'rezalh docs', 'rezalhdocs@gmail.com', 1, 'https://lh3.googleusercontent.com/a/ACg8ocJxEHlkvlAILzEwVYd7yQ4KqU0zLba2Xq7gS7BjQXKgOYsFUQ=s96-c', 'Tue Dec 30 2025 19:40:07 GMT+0700 (Western Indonesia Time)', 'Tue Dec 30 2025 19:40:07 GMT+0700 (Western Indonesia Time)', 'user', 'free', NULL, 1, 25, NULL, NULL, 0, NULL, NULL, NULL, NULL, NULL),
('3xPcfJai6zEDNMe1ihmK6LM1kf500gn9', 'Abdullah Anshori', 'abdullahanshori07@gmail.com', 1, 'https://lh3.googleusercontent.com/a/ACg8ocK5MVxBYmpzcYYPUlSwnnGW3l80ybnktL-iNBlak6GxiMcqGw=s96-c', 'Fri Jan 02 2026 08:28:52 GMT+0700 (Western Indonesia Time)', 'Fri Jan 02 2026 08:28:52 GMT+0700 (Western Indonesia Time)', 'user', 'free', NULL, 1, 25, NULL, NULL, 0, NULL, NULL, NULL, NULL, NULL);

-- Orders 
INSERT INTO "order" (id, userId, plan, amount, status, proofUrl, referrerId, referralDiscount, ipAddress, externalId, paymentUrl, createdAt, updatedAt) VALUES 
('ff4a130b-1266-4f5d-b330-412ed0956a69', 'f0d87c17-cdcc-4fe5-9d82-4287a77c6ab7', 'vip', 50000, 'approved', NULL, NULL, 0, NULL, NULL, NULL, 'Sun Dec 28 2025 22:57:08 GMT+0700 (Western Indonesia Time)', 'Sun Dec 28 2025 23:00:31 GMT+0700 (Western Indonesia Time)'),
('Z9QLVTIC4JCaSDKI6xPZV', 'HgWohipqGfLHKklnuiOlzN0VVqKKTjqO', 'regular', 49263, 'pending', NULL, NULL, 0, NULL, NULL, NULL, 'Mon Dec 29 2025 17:01:40 GMT+0700 (Western Indonesia Time)', 'Mon Dec 29 2025 17:01:40 GMT+0700 (Western Indonesia Time)'),
('-kpp5S-xj6xE3IviUso7q', 'HgWohipqGfLHKklnuiOlzN0VVqKKTjqO', 'regular', 49574, 'pending', NULL, NULL, 0, NULL, NULL, NULL, 'Mon Dec 29 2025 17:31:39 GMT+0700 (Western Indonesia Time)', 'Mon Dec 29 2025 17:31:39 GMT+0700 (Western Indonesia Time)'),
('iYELUv8fo5xOxgsfy3W4Q', 'HgWohipqGfLHKklnuiOlzN0VVqKKTjqO', 'regular', 49161, 'pending', NULL, NULL, 0, NULL, NULL, NULL, 'Mon Dec 29 2025 17:31:44 GMT+0700 (Western Indonesia Time)', 'Mon Dec 29 2025 17:31:44 GMT+0700 (Western Indonesia Time)'),
('nGedzHNHK4Myd_06VhcJz', 'HgWohipqGfLHKklnuiOlzN0VVqKKTjqO', 'regular', 49136, 'pending', NULL, NULL, 0, NULL, NULL, NULL, 'Mon Dec 29 2025 17:31:55 GMT+0700 (Western Indonesia Time)', 'Mon Dec 29 2025 17:31:55 GMT+0700 (Western Indonesia Time)'),
('8jTW3OBAbj2IALKVyGRf-', 'HgWohipqGfLHKklnuiOlzN0VVqKKTjqO', 'vip', 99386, 'pending', NULL, NULL, 0, NULL, NULL, NULL, 'Mon Dec 29 2025 17:36:44 GMT+0700 (Western Indonesia Time)', 'Mon Dec 29 2025 17:36:44 GMT+0700 (Western Indonesia Time)'),
('hTNgSjgMKQg5bsewP3ZBY', 'HgWohipqGfLHKklnuiOlzN0VVqKKTjqO', 'vip', 99938, 'pending', NULL, NULL, 0, NULL, NULL, NULL, 'Mon Dec 29 2025 17:37:10 GMT+0700 (Western Indonesia Time)', 'Mon Dec 29 2025 17:37:10 GMT+0700 (Western Indonesia Time)'),
('ESKojO1ZfCb0oFIDPgceK', 'HgWohipqGfLHKklnuiOlzN0VVqKKTjqO', 'vip', 99652, 'pending', NULL, NULL, 0, NULL, NULL, NULL, 'Mon Dec 29 2025 17:37:18 GMT+0700 (Western Indonesia Time)', 'Mon Dec 29 2025 17:37:18 GMT+0700 (Western Indonesia Time)'),
('hR4u5K2kGlxfhSi9M0Gun', 'HgWohipqGfLHKklnuiOlzN0VVqKKTjqO', 'vip', 99028, 'pending', NULL, NULL, 0, NULL, NULL, NULL, 'Mon Dec 29 2025 17:39:58 GMT+0700 (Western Indonesia Time)', 'Mon Dec 29 2025 17:39:58 GMT+0700 (Western Indonesia Time)'),
('w-vOyGux-j6lG9GawTg78', 'HgWohipqGfLHKklnuiOlzN0VVqKKTjqO', 'vip', 99196, 'pending', NULL, NULL, 0, NULL, NULL, NULL, 'Mon Dec 29 2025 17:40:04 GMT+0700 (Western Indonesia Time)', 'Mon Dec 29 2025 17:40:04 GMT+0700 (Western Indonesia Time)'),
('1a2JFJ8T2oVHmCOJ7_4Fx', 'HgWohipqGfLHKklnuiOlzN0VVqKKTjqO', 'vip', 99219, 'pending', NULL, NULL, 0, NULL, NULL, NULL, 'Mon Dec 29 2025 17:40:07 GMT+0700 (Western Indonesia Time)', 'Mon Dec 29 2025 17:40:07 GMT+0700 (Western Indonesia Time)'),
('GdSRcccPEKlVEeV03EJEp', 'HgWohipqGfLHKklnuiOlzN0VVqKKTjqO', 'vip', 99060, 'pending', NULL, NULL, 0, NULL, NULL, NULL, 'Mon Dec 29 2025 17:40:10 GMT+0700 (Western Indonesia Time)', 'Mon Dec 29 2025 17:40:10 GMT+0700 (Western Indonesia Time)'),
('Cn9tqiSakEhL1JGyjGvBf', 'HgWohipqGfLHKklnuiOlzN0VVqKKTjqO', 'regular', 49103, 'pending', NULL, NULL, 0, NULL, NULL, NULL, 'Mon Dec 29 2025 17:40:26 GMT+0700 (Western Indonesia Time)', 'Mon Dec 29 2025 17:40:26 GMT+0700 (Western Indonesia Time)'),
('6APrzkxbgtHa_tI5gQEV4', 'HgWohipqGfLHKklnuiOlzN0VVqKKTjqO', 'vip', 99203, 'pending', NULL, NULL, 0, NULL, NULL, NULL, 'Mon Dec 29 2025 17:44:19 GMT+0700 (Western Indonesia Time)', 'Mon Dec 29 2025 17:44:19 GMT+0700 (Western Indonesia Time)'),
('jcI0VURfiCOV5wzY3o8jI', 'HgWohipqGfLHKklnuiOlzN0VVqKKTjqO', 'regular', 49246, 'pending', NULL, NULL, 0, NULL, NULL, NULL, 'Mon Dec 29 2025 17:45:04 GMT+0700 (Western Indonesia Time)', 'Mon Dec 29 2025 17:45:04 GMT+0700 (Western Indonesia Time)'),
('bmEzt6HsfBZ0vx1YrrKcI', 'HgWohipqGfLHKklnuiOlzN0VVqKKTjqO', 'vip', 99097, 'pending', NULL, NULL, 0, NULL, NULL, NULL, 'Mon Dec 29 2025 17:53:35 GMT+0700 (Western Indonesia Time)', 'Mon Dec 29 2025 17:53:35 GMT+0700 (Western Indonesia Time)'),
('ysrsz5dV_6EAJV50ft6Yf', 'HgWohipqGfLHKklnuiOlzN0VVqKKTjqO', 'vip', 99224, 'rejected', NULL, NULL, 0, NULL, NULL, NULL, 'Mon Dec 29 2025 17:53:48 GMT+0700 (Western Indonesia Time)', 'Tue Dec 30 2025 19:40:47 GMT+0700 (Western Indonesia Time)'),
('wxak6FuFl1yWOg-xMiY-L', 'HgWohipqGfLHKklnuiOlzN0VVqKKTjqO', 'vip', 99147, 'rejected', NULL, NULL, 0, '125.166.9.102', NULL, NULL, 'Tue Dec 30 2025 11:15:27 GMT+0700 (Western Indonesia Time)', 'Tue Dec 30 2025 19:40:45 GMT+0700 (Western Indonesia Time)');

-- Invitations 
INSERT INTO invitation (slug, owner, partnerEmail, content, createdAt, updatedAt) VALUES 
('desmos', 'admin@undangan.com', NULL, '{"meta":{"title":"Undangan Pernikahan Rizky & Anisa","description":"Kami mengundang anda untuk hadir di pernikahan kami.\n📅 Sabtu, 28 Des 2025 ⏰ 08.00 WIB \n📍 Masjid Al-Ikhlas ","image":"https://www.bcalife.co.id/storage//articles/wujudkan-pernikahan-sakral-dan-anti-boros-dengan-konsep-intimate-wedding-1718346697.png","updatedAt":1766825876584},"hero":{"groomNickname":"Rizky","brideNickname":"Anisa","date":"SABTU, 28 DESEMBER 2025"},"groom":{"fullName":"Rizky Pratama","parents":"Putra Bpk. Ahmad & Ibu Siti","instagram":"@rizky.pratama","image":"https://api.dicebear.com/7.x/notionists/svg?seed=Rizky"},"bride":{"fullName":"Anisa Wijaya","parents":"Putri Bpk. Budi & Ibu Rina","instagram":"@anisa.wijaya","image":"https://api.dicebear.com/7.x/notionists/svg?seed=Anisa"},"events":{"akad":{"time":"08:00 - 10:00 WIB","date":"Sabtu, 28 Desember 2025","isoDate":"2025-12-28T08:00","location":"Masjid Besar Al-Ikhlas, Jakarta Selatan","mapUrl":"https://goo.gl/maps/placeholder"},"resepsi":{"time":"11:00 - 13:00 WIB","date":"Sabtu, 28 Desember 2025","location":"Grand Ballroom Hotel Mulia, Jakarta","mapUrl":"https://goo.gl/maps/placeholder"}},"gift":{"bankName":"BCA","accountNumber":"1234567890","accountName":"Rizky Pratama","accounts":[{"bankName":"BCA","number":"0123456789","name":"Rizky Sahpora"}]},"music":{"url":"https://music.youtube.com/watch?v=B3E3Ph61cgo&list=RDAMVMB3E3Ph61cgo","fade":true},"rsvp":{"phone":"6281234567890","comments":[{"id":"1766986723617","name":"Test","status":"Hadir","message":"Testing RSVP","createdAt":"2025-12-29T05:38:43.617Z","replies":[]},{"id":"1766986704362","name":"Test","status":"Hadir","message":"Testing RSVP","createdAt":"2025-12-29T05:38:24.362Z","replies":[]}]},"gallery":[]}', 'Sat Dec 27 2025 20:59:15 GMT+0700 (Western Indonesia Time)', 'Mon Dec 29 2025 12:38:43 GMT+0700 (Western Indonesia Time)'),
('wulanrezal', 'rezalhbramantara@gmail.com', NULL, '{"meta":{"title":"Pernikahan Wulan dan Rezal","description":"Kami mengundang anda untuk hadir di pernikahan kami.\n📅 Sabtu, 28 Des 2025 ⏰ 08.00 WIB \n📍 Masjid Al-Ikhlas ","image":"https://drive.google.com/thumbnail?id=19dRYiEZCPvjDF01yQNr3LJBgT0anF3jp&sz=w1600","updatedAt":1767083367317},"hero":{"groomNickname":"Rezal","brideNickname":"Wulan","date":"Sabtu, 29 Juni 2024","backgroundImage":"https://drive.google.com/thumbnail?id=17S8O1az5cUZ5ARQUm5s1JbF1Q45EN_c0&sz=w1600"},"groom":{"fullName":"Rezal Helwin Bramantara","parents":"Bpk. Totok Anova Rujito & Ibu Kartifa","instagram":"@rezalh_","image":"https://drive.google.com/thumbnail?id=18WJllqxdwkQ-zEl9F9mi5aIRNV9zh1Ma&sz=w1600"},"bride":{"fullName":"Yanuar Fitria Wulandari","parents":"Bpk. Lupa Namanya & Ibu Jolekha","instagram":"@yanuarfw_","image":"https://drive.google.com/thumbnail?id=1A-nHyFmxD02pQsDno0Pwly4fUaMOYhqp&sz=w1600"},"events":{"akad":{"time":"08:00","date":"29 Juni 2024","location":"Masjid Al-Ikhlas"},"resepsi":{"date":"29 Juni 2024","time":"10:00","location":"Gedung BP3K"}},"gift":{"accounts":[{"bankName":"SeaBank","number":"123456789","name":"Yanuar Fitria Wulandari"}]},"music":{"url":"https://music.youtube.com/watch?v=2Kiob5f9A1g&si=8nMzsb4LBf7tx-W0","fade":true},"rsvp":{"phone":"6285229402611","comments":[{"id":"1766987614523","name":"PT. Kita Sukses Selalu","status":"Hadir","message":"Alhamdulillah Barakallah Komandan!!\nSamawa yaa! Ikut seneng komandan","createdAt":"2025-12-29T05:53:34.523Z","replies":[{"id":"1767074593831","name":"Rezal & Wulan","status":"Mempelai","message":"Terimakasih banyak saudarakuu 🙏😊","createdAt":"2025-12-30T06:03:13.831Z","replies":[]}]},{"id":"1766987547354","name":"Verification Bot","status":"Hadir","message":"Final check after rebuild","createdAt":"2025-12-29T05:52:27.354Z","replies":[]}]},"gallery":["https://drive.google.com/thumbnail?id=1AIX3Rt1wAayNpfZDcMXumqLSEhFeEzC2&sz=w1600","https://drive.google.com/thumbnail?id=1A-nHyFmxD02pQsDno0Pwly4fUaMOYhqp&sz=w1600","https://drive.google.com/thumbnail?id=19YZl4JJvZ1bghQsq0Ts-69kX0_WMo_cT&sz=w1600","https://drive.google.com/thumbnail?id=19_2KCkui35pbaeUYt2dj21zIi0VY4hQE&sz=w1600","https://drive.google.com/thumbnail?id=18WJllqxdwkQ-zEl9F9mi5aIRNV9zh1Ma&sz=w1600","https://drive.google.com/thumbnail?id=19l2SK6mg6nkRbfKEJdRIJ3wqFzzXeTdw&sz=w1600","https://drive.google.com/thumbnail?id=19dRYiEZCPvjDF01yQNr3LJBgT0anF3jp&sz=w1600","https://drive.google.com/thumbnail?id=19p1FljZa2iHkrJ9PC8M9tI8cWVKrC-8N&sz=w1600","https://drive.google.com/thumbnail?id=18TPh4DHlM8E47XHFHimvzuMMNuUWRD2D&sz=w1600","https://drive.google.com/thumbnail?id=19_9dCNOHh2l9NWPf3X3E8cKMYxSsjYWY&sz=w1600","https://drive.google.com/thumbnail?id=19vbbEuCevN1dIQAQDB3c-PkGA2T5V3WD&sz=w1600","https://drive.google.com/thumbnail?id=11D01lib5QwcailWJzM8H_ARPNE6FFRzw&sz=w1600","https://drive.google.com/thumbnail?id=1A7PymHRR90jGlgH6RMQtR-y_izt25nrJ&sz=w1600","https://drive.google.com/thumbnail?id=1AC-A4D5OnDsYfXHVDe7BaeLFf1J84BB-&sz=w1600","https://drive.google.com/thumbnail?id=1A9AK7FuzEHCV1sGQEBsUHxC-JwZvJSrt&sz=w1600","https://drive.google.com/thumbnail?id=19D-gA0YHpD3pfmZ8oHTdc_-e4IavCUTD&sz=w1600","https://drive.google.com/thumbnail?id=115Hpw3CHoLWnAiNLWAy4k5SV5S6GB47Q&sz=w1600","https://drive.google.com/thumbnail?id=18GZES33GGwClNZbwNUCcr4N_GEP-EImL&sz=w1600","https://drive.google.com/thumbnail?id=18aGRtfc9gUVYExc6MwgCXUdPQPVkfHEI&sz=w1600","https://drive.google.com/thumbnail?id=11PM7SMlf4_Fzd6cxBrQSsfvh2XrijWvq&sz=w1600","https://drive.google.com/thumbnail?id=18Kn0h918Ua-P2wf2O4NusGHI8ZQmDDBJ&sz=w1600","https://drive.google.com/thumbnail?id=1865RSpZIe4veWeWbBC74a2nmq8uzRTHD&sz=w1600","https://drive.google.com/thumbnail?id=180lcnSUT-nQu3W8Yqo60Vh1BgGm4b3Yx&sz=w1600","https://drive.google.com/thumbnail?id=19QzYRjt2nF6AZbjAMRm9-xXhNuMgLQCk&sz=w1600","https://drive.google.com/thumbnail?id=196S81n5_YH3M-9hqiSnNySBq51RtgDxU&sz=w1600","https://drive.google.com/thumbnail?id=191WbWPUZcCQU4XvDqlvMuvD_Z6gV0UZe&sz=w1600","https://drive.google.com/thumbnail?id=11KtQX1OSnftxaw5bhbdCuRUfJ71d_hji&sz=w1600","https://drive.google.com/thumbnail?id=19AwcZUhYOJE9nWaflVN6rRQfOVHLQleE&sz=w1600","https://drive.google.com/thumbnail?id=18sIoAHyGG1YDOIGuYqtzrtnko5ZpKh3X&sz=w1600","https://drive.google.com/thumbnail?id=19FjtnMj9jfmGveD6i1DUcqfqxVfRZ_Ew&sz=w1600","https://drive.google.com/thumbnail?id=11eRDfKJK8g9Rtg6Hv68hEgrrHM3kYCSd&sz=w1600","https://drive.google.com/thumbnail?id=11zp7rJVFROykAZ9pKSVAQg6wjvPogr-K&sz=w1600","https://drive.google.com/thumbnail?id=11f-0lM-shkwPC3x3Nxaqalyq7rzalLr_&sz=w1600","https://drive.google.com/thumbnail?id=11IivCNrn3qmANmuuNsKVY5kiRp0VYZPi&sz=w1600","https://drive.google.com/thumbnail?id=11kZwS1Mbub-_fbPR1Lz7ebXsaEI-fHVK&sz=w1600","https://drive.google.com/thumbnail?id=11-nz7Oqlt6u7IXsiylTfOk9JTj2O1Rca&sz=w1600","https://drive.google.com/thumbnail?id=11few1gIKIPO9ZJjnl89xZBrW-GaFmrvD&sz=w1600","https://drive.google.com/thumbnail?id=116EAmHsgOIiTmCkYJg51z2f6lYODj3kk&sz=w1600","https://drive.google.com/thumbnail?id=19OSzfukjfHxIl-tYVseoJgriu3NStDo4&sz=w1600","https://drive.google.com/thumbnail?id=11moen7zcAMPrXbNo-EqW5BzoOWu_7p1f&sz=w1600","https://drive.google.com/thumbnail?id=11w4O4XucnA5Uf9oXQnzwMKxhDPpjRAKP&sz=w1600","https://drive.google.com/thumbnail?id=118KBbvX8IqS9bM48dr2R3LthZpKk50bd&sz=w1600","https://drive.google.com/thumbnail?id=11nj7bDrO534LGy8CQXmqccxOTWJlODpg&sz=w1600","https://drive.google.com/thumbnail?id=1-gdc1kVjgDDm7s61BoBBGQRmZGHdhIal&sz=w1600","https://drive.google.com/thumbnail?id=11OEoA5HwuMB3ayvV974CtvdRr_Z9BXS0&sz=w1600","https://drive.google.com/thumbnail?id=11vxat-nHMOOMnJ19rXyKlEvbrUCPMzyy&sz=w1600","https://drive.google.com/thumbnail?id=1-88SSD35_vWMulcDquulI1MuhXD3HXkW&sz=w1600","https://drive.google.com/thumbnail?id=11_IzXpU5Duk37VNP-m4blx5gNDPaWCoe&sz=w1600","https://drive.google.com/thumbnail?id=11TZVtqz2dmM5bR3tM3w04H3DUneChJdf&sz=w1600","https://drive.google.com/thumbnail?id=11bT1tpFOzbxuAVYzFrNqgnO91K-ifdwi&sz=w1600","https://drive.google.com/thumbnail?id=1-9wYO1qchjYLOkXC3p9ljXC68EwOtK22&sz=w1600","https://drive.google.com/thumbnail?id=10-S2wEN5ejD0O96qoy4in89AQy9SQ5d5&sz=w1600","https://drive.google.com/thumbnail?id=1-wqP12YkxEPrt2aPMzEXyR5ktvpZChpQ&sz=w1600","https://drive.google.com/thumbnail?id=1-sDsS6Y4tLUy1rUqigwlWLuPKsGNCbHx&sz=w1600","https://drive.google.com/thumbnail?id=11W-F93atAaQFNtpnRb6Y17IEBZ_EUC-t&sz=w1600","https://drive.google.com/thumbnail?id=1-v171C8LL53sJaw1nCZQjcxBPIeQ_LIZ&sz=w1600","https://drive.google.com/thumbnail?id=1-waUasQ_Qrf2v5dX_Z2mPjsWcfhZrFgX&sz=w1600","https://drive.google.com/thumbnail?id=1-YUzyHIiSgX9POhO_kN4HGqiP1EOUQQZ&sz=w1600","https://drive.google.com/thumbnail?id=11UwtaOuuPQ6ot2CG1TwIq6EFnsdIlxHB&sz=w1600","https://drive.google.com/thumbnail?id=101HuqAA4cwQjme3pzMZompmkkFnFe8Nb&sz=w1600","https://drive.google.com/thumbnail?id=10htpicGYZ0QCsMIwEn9UjLRAYAcf4jqK&sz=w1600","https://drive.google.com/thumbnail?id=10TUfSmHkrzQUQVwd8_xxhK3zbDFCkQkj&sz=w1600","https://drive.google.com/thumbnail?id=10gOlVV5XdXx9dpmNUbSMouceWUXybzCg&sz=w1600","https://drive.google.com/thumbnail?id=1-dDC1KFnl9qRBVab_tRPP333cZqEAP9-&sz=w1600","https://drive.google.com/thumbnail?id=10bS2CDISOMD2HpYRsPDkN3A9_87ffwRP&sz=w1600","https://drive.google.com/thumbnail?id=106CG1UcHJ7M9q8eKW6wntfN-3fFoeyBn&sz=w1600","https://drive.google.com/thumbnail?id=10fG7yw1dkKpurSUenC_baHpkt38Ltnn_&sz=w1600","https://drive.google.com/thumbnail?id=10jF1p_ImH_By-gSqWTmpQEShxRwrHM0-&sz=w1600","https://drive.google.com/thumbnail?id=10r_iMNu2yXze-VGccxMPjWuwjIQzl3qC&sz=w1600","https://drive.google.com/thumbnail?id=10ojkytiYfB__-jqf0D-YUjU0ClCH2Ben&sz=w1600","https://drive.google.com/thumbnail?id=10z7-AVCN3YikbqtbKAGChrZkCSCGuYj3&sz=w1600","https://drive.google.com/thumbnail?id=112dFpYBWqNBZTCAbSSZSFjgoZKGiS4qb&sz=w1600","https://drive.google.com/thumbnail?id=1-UKnDjNB2lukgfn9CvDeUvIV6RpIyf70&sz=w1600","https://drive.google.com/thumbnail?id=1-T0W8lhC4eaTyB38sdQq4twZ_BiUxosM&sz=w1600","https://drive.google.com/thumbnail?id=1-PqqaunekDVwf5iTl7V_ffvmLWeliHZj&sz=w1600","https://drive.google.com/thumbnail?id=1-MoWBJH_C8rrPt4NZXXPWe1ZotFquBWE&sz=w1600","https://drive.google.com/thumbnail?id=1-ZtM9x9SDXJkuPnTJLxtRMuIH07uQzAP&sz=w1600","https://drive.google.com/thumbnail?id=1-HKQlDr0IJr8opWDc_q69UADbkOpUP_o&sz=w1600","https://drive.google.com/thumbnail?id=1-U14YlqtpV47tB1ZJbNeNjOTbkKAlcqR&sz=w1600","https://drive.google.com/thumbnail?id=1-_TifTD4McdOciR3olNPNLh1HxxoysjE&sz=w1600","https://drive.google.com/thumbnail?id=1-I9Es_9-OpM1CSsqx0Mp1c3iq-wTNwXH&sz=w1600","https://drive.google.com/thumbnail?id=1-tsRFmReH8pMxiL0q79RHwfIlbc3CpX8&sz=w1600","https://drive.google.com/thumbnail?id=173Tq5eRip0UhlDzsgaEKBPE1T4HvhJtv&sz=w1600","https://drive.google.com/thumbnail?id=17504bw1UMZC2HQqLuJRBtRgpEKuQ44Px&sz=w1600","https://drive.google.com/thumbnail?id=177QYGIZ8xyiUAS2ssDqibTaFfGAb44Jf&sz=w1600","https://drive.google.com/thumbnail?id=17BGVTdyhMrEKYDyTwjsg1DflHDZb9Cvg&sz=w1600","https://drive.google.com/thumbnail?id=17Lxi2dBxV4wQziNEn9yeacGybmnWH0VM&sz=w1600","https://drive.google.com/thumbnail?id=17Ocjggf43y7RjX4H6hwpE92yNWqXPnmK&sz=w1600","https://drive.google.com/thumbnail?id=17S8O1az5cUZ5ARQUm5s1JbF1Q45EN_c0&sz=w1600","https://drive.google.com/thumbnail?id=17aR_htQwmCNNKvLPpsv0gX47FBZ6IIam&sz=w1600","https://drive.google.com/thumbnail?id=17dyWptP6ve2Wg90mf84bUkg9zZcS0KzS&sz=w1600","https://drive.google.com/thumbnail?id=17hvp6FlD3MIC0tmLQ7hH_jeeZ0dnDBD6&sz=w1600","https://drive.google.com/thumbnail?id=17kHCmPs6LM8Lp0v8VSxod94-WoMOogWT&sz=w1600","https://drive.google.com/thumbnail?id=17kfGiXU-03cz-0U9fWSEXdpbkLvhaggD&sz=w1600","https://drive.google.com/thumbnail?id=17tNZo29nhAH0ibhdMKq8rV9u2zT62ND6&sz=w1600","https://drive.google.com/thumbnail?id=17w_uo6goS33HPA95Aa6YVAdNmD9xTEWw&sz=w1600","https://drive.google.com/thumbnail?id=17wgf6Tjc_UOB00t1jGgJ-V6PCAAeYd1e&sz=w1600","https://drive.google.com/thumbnail?id=169w6w4Iz2w3bNLozAGEDlM6KZe6ybzwk&sz=w1600","https://drive.google.com/thumbnail?id=16DPXf9k1GMiBYt6i9NxGgBva2Wv2DGvm&sz=w1600","https://drive.google.com/thumbnail?id=16FLIV--fdQmCnl2X3ne3dX7jaIOBDASS&sz=w1600"],"cover":{"backgroundImage":"https://drive.google.com/thumbnail?id=115Hpw3CHoLWnAiNLWAy4k5SV5S6GB47Q&sz=w1600"},"_auth":{"isAuthorized":true,"owner":"rezalhbramantara@gmail.com","partnerEmail":null},"theme":"original"}', 'Sat Dec 27 2025 20:59:15 GMT+0700 (Western Indonesia Time)', 'Tue Dec 30 2025 15:29:27 GMT+0700 (Western Indonesia Time)'),
('anu', 'anu@anu.anu', 'rezalhiis2@gmail.com', '{"meta":{"title":"Wedding Invitation","description":""},"hero":{"groomNickname":"Groom","brideNickname":"Bride","date":"Date"},"groom":{"fullName":"","parents":"","instagram":"","image":""},"bride":{"fullName":"","parents":"","instagram":"","image":""},"events":{"akad":{},"resepsi":{}},"gift":{},"music":{},"rsvp":{}}', 'Mon Dec 29 2025 18:12:59 GMT+0700 (Western Indonesia Time)', 'Mon Dec 29 2025 18:12:59 GMT+0700 (Western Indonesia Time)');

